{"stat.flyOneCm":6858,"stat.deaths":1,"stat.walkOneCm":3359,"stat.jump":66,"stat.swimOneCm":9071,"stat.useItem.forge.bucketfilled":2,"stat.playOneMinute":3913,"stat.fallOneCm":418,"stat.pickup.kinomod.kinium_ring":3,"stat.horseOneCm":14062,"stat.leaveGame":1,"stat.sneakTime":49,"stat.damageTaken":1510,"stat.pickup.minecraft.leather":2,"stat.damageDealt":52,"stat.pickup.baubles.ring":1,"stat.timeSinceDeath":1605,"stat.sprintOneCm":4847,"stat.mobKills":1,"stat.pickup.forge.bucketfilled":1,"stat.diveOneCm":3402,"stat.useItem.minecraft.water_bucket":25}